{"cameraMode":{"drawMode":0,"name":"Shaded","section":"Shading Mode"},"sceneLighting":false,"audioPlay":false,"sceneViewState":{"showFog":true,"showMaterialUpdate":true,"showSkybox":true,"showFlares":true,"showImageEffects":true,"showParticleSystems":true},"in2DMode":false,"pivot":{"x":5.721865653991699,"y":3.253559112548828,"z":-6.9874467849731449},"rotation":{"x":-0.13822636008262635,"y":0.6409855484962463,"z":-0.11883290112018585,"w":-0.7455936074256897},"size":6.86286735534668,"orthographic":false}