{"cameraMode":{"drawMode":0,"name":"Shaded","section":"Shading Mode"},"sceneLighting":false,"audioPlay":false,"sceneViewState":{"showFog":true,"showMaterialUpdate":true,"showSkybox":true,"showFlares":true,"showImageEffects":true,"showParticleSystems":true},"in2DMode":false,"pivot":{"x":242.9873504638672,"y":-128.40719604492188,"z":-36.38723373413086},"rotation":{"x":0.16788896918296815,"y":0.7445913553237915,"z":-0.2039165198802948,"w":0.6130380630493164},"size":153.18276977539063,"orthographic":false}