{"cameraMode":{"drawMode":0,"name":"Shaded","section":"Shading Mode"},"sceneLighting":false,"audioPlay":false,"sceneViewState":{"showFog":true,"showMaterialUpdate":true,"showSkybox":true,"showFlares":true,"showImageEffects":true,"showParticleSystems":true},"in2DMode":false,"pivot":{"x":3.6180129051208498,"y":1.3035054206848145,"z":-2.761857032775879},"rotation":{"x":-0.02295302040874958,"y":0.9769474267959595,"z":-0.15696761012077332,"w":-0.14285725355148316},"size":10.0,"orthographic":false}